--CREATE TABLE STUDENT (
--    STUDENT_ID NUMBER(5, 0),
--    STUDENT_NAME VARCHAR2(30),
--    STUDENT_BIRTHDATE DATE,
--    STUDENT_COUNTRY VARCHAR2(15),
--    STUDENT_EMAIL VARCHAR2(20),
--    STUDENT_PHONE VARCHAR2(12),
--    STUDENT_YEAR_ENROLLED DATE
--);
--
--CREATE TABLE  STUDENT_COURSE(
--  STUDENT_ID NUMBER(5,0),
--  COURSE_CODE CHAR(6),
--  YEAR_TAKEN DATE,
--  SEMESTER_TAKEN CHAR(1),
--  GRADE_AWARDED CHAR(2),
--  SCORE NUMBER(4,1)
--  );
--  
--  CREATE TABLE COURSE(
--  COURSE_CODE CHAR(6),
--  COURSE_TITLE VARCHAR(30),
--  COURSE_CATEGORY VARCHAR(10)
--  )
--  
--  SELECT COUNT(*) FROM STUDENT;
--  SELECT COUNT() FROM COURSE;
--  SELECT COUNT() FROM STUDENT_COURSE;
--  
--
--  ALTER TABLE STUDENT_COURSE 
--ADD CONSTRAINT STU_COURSE_PK PRIMARY KEY (STUDENT_ID, COURSE_CODE); 
--
--ALTER TABLE STUDENT_COURSE
-- DROP CONSTRAINT STU_COURSE_PK;
--  
--  ALTER TABLE STUDENT DROP CONSTRAINT CURRENT_PK;
--
--ALTER TABLE STUDENT
--ADD CONSTRAINT STUDENT_PK PRIMARY KEY (STUDENT_ID);
--
--ALTER TABLE STUDENT_COURSE
--ADD CONSTRAINT SC_COURSE_CODE_FK 
--FOREIGN KEY (COURSE_CODE) 
--REFERENCES COURSE (COURSE_CODE);


--  ALTER TABLE STUDENT_COURSE ADD GRADE_PERCENT NUMBER(3);
--  
--  
--    ALTER TABLE STUDENT_COURSE ADD GRADE_PERCENT VARCHAR(4);
--    
--    ALTER TABLE STUDENT_COURSE DROP COLUMN GRADE_PERCENT;

--DROP TABLE STUDENT_COURSE
--DROP TABLE STUDENT
--DROP TABLE COURSE

DROP TABLE COURSE;
CREATE TABLE COURSE (
   COURSE_CODE CHAR(6) NOT NULL PRIMARY KEY,
   COURSE_TITLE VARCHAR(30) NOT NULL,
   COURSE_CATEGORY VARCHAR(10) NOT NULL
);

-- Insert data into the COURSE table
INSERT INTO COURSE VALUES ('CPT111', 'INTRODUCTION TO PROGRAMMING', 'CORE');
INSERT INTO COURSE VALUES ('CMT221', 'DATABASE DESIGN', 'CORE');
INSERT INTO COURSE VALUES ('CDS403', 'MACHINE LEARNING', 'NON-CORE');

COMMIT;

DROP TABLE STUDENT;
CREATE TABLE STUDENT(
 STUDENT_ID NUMBER(5,0) NOT NULL,
 STUDENT_NAME VARCHAR(30) NOT NULL,
 STUDENT_BIRTHDATE DATE,
 STUDENT_COUNTRY VARCHAR(15) NOT NULL,
 STUDENT_EMAIL VARCHAR(20),
 STUDENT_PHONE VARCHAR(12),
 STUDENT_YEAR_ENROLLED NUMBER(4,0) NOT NULL,
 PRIMARY KEY(STUDENT_ID)
);
INSERT INTO STUDENT VALUES
(11125, 'RISHA NATHAN', '15-OCT-00', 'INDIA', 'RISHANAT@ABC.COM', '345-213-5564', 2020);
INSERT INTO STUDENT VALUES
(11126, 'ZHANG ZIYI', '05-JUN-99', 'CHINA', 'ZIYIZHANG@ABC.COM', '345-213-7888', 2019);
INSERT INTO STUDENT VALUES
(11127, 'ISMAIL WAHAB', '25-DEC-99', 'MALAYSIA', 'ISMAILW@ABC.COM', '345-111-6009', 2019);
INSERT INTO STUDENT VALUES
(11128, 'VEERA SINGHAM', '22-APR-98', 'MALAYSIA', 'VEERASING@ABC.COM', '245-255-2622', 2018);
INSERT INTO STUDENT VALUES
(11129, 'JASON TAN', '14-JUL-98', 'MALAYSIA', 'JASONTAN@ABC.COM', '245-255-6048', 2018);
INSERT INTO STUDENT VALUES
(11130, 'MARCELA FUENTES', '21-MAY-00', 'SPAIN', 'MARCELAFUEN@ABC.COM', '345-412-5277', 2020);
COMMIT;



CREATE TABLE STUDENT_COURSE (
   STUDENT_ID NUMBER(5,0),
   COURSE_CODE CHAR(6),
   YEAR_TAKEN NUMBER(4,0),
   SEMESTER_TAKEN CHAR(1),
   GRADE_AWARDED CHAR(2),
   SCORE NUMBER(4,1),
   PRIMARY KEY (STUDENT_ID, COURSE_CODE),
   CONSTRAINT SC_STUDENT_ID_FK FOREIGN KEY (STUDENT_ID) REFERENCES STUDENT (STUDENT_ID),
   CONSTRAINT SC_COURSE_CODE_FK FOREIGN KEY (COURSE_CODE) REFERENCES COURSE (COURSE_CODE)
);

-- Insert data into the STUDENT_COURSE table
INSERT INTO STUDENT_COURSE VALUES (11125, 'CPT111', 2020, '1', 'A-', 72.0);
INSERT INTO STUDENT_COURSE VALUES (11126, 'CPT111', 2019, '1', 'B', 60.0);
INSERT INTO STUDENT_COURSE VALUES (11127, 'CPT111', 2019, '1', 'A', 85.0);
INSERT INTO STUDENT_COURSE VALUES (11128, 'CPT111', 2018, '1', 'B-', 55.0);
INSERT INTO STUDENT_COURSE VALUES (11126, 'CMT221', 2020, '2', 'A', 82.5);
INSERT INTO STUDENT_COURSE VALUES (11127, 'CMT221', 2020, '1', 'B+', 68.0);
INSERT INTO STUDENT_COURSE VALUES (11128, 'CMT221', 2019, '1', 'B+', 65.5);
INSERT INTO STUDENT_COURSE VALUES (11128, 'CDS403', 2020, '1', 'B', 59.0);

COMMIT;


ALTER TABLE STUDENT 
   ADD CONSTRAINT STUDENT_COUNTRY_CK 
   CHECK (STUDENT_COUNTRY NOT IN ('FRANCE'));

INSERT INTO STUDENT 
VALUES (11131, 'MANDY MOORE', '20-AUG-99', 'FRANCE', 'MANDYMOORE@ABC.COM', '245-114-6687', 2000);



CREATE TABLE STORE (
   STO_ID NUMBER(5,0) PRIMARY KEY,
   STO_NAME VARCHAR2(30) NOT NULL UNIQUE
);

CREATE TABLE SALES_PERSON (
   ID NUMBER(5,0) PRIMARY KEY,
   STO_ID NUMBER(5,0),
   NAME VARCHAR2(30) NOT NULL UNIQUE,
   COMM CHAR(1) DEFAULT 'Y' CHECK (COMM IN ('Y', 'N')),
   SALARY NUMBER(7,2) CHECK (SALARY > 0),
   CONSTRAINT FK_STORE FOREIGN KEY (STO_ID) REFERENCES STORE (STO_ID)
);

CREATE TABLE COURSE  
( 
   COURSE_CODE CHAR(6) NOT NULL, 
   COURSE_TITLE VARCHAR2(30) NOT NULL, 
   COURSE_CATEGORY VARCHAR2(10) NOT NULL, 
   CONSTRAINT COURSE_COURSE_CODE_PK  
       PRIMARY KEY (COURSE_CODE) 
);

INSERT INTO STUDENT 
VALUES (11141, 'DONALD TRUMP', '13-MAR-98', 'USA', 'DONTRUMP@ABC.COM', '544-788-999', 2020);
Z

SELECT STUDENT_NAME 
FROM STUDENT 
WHERE STUDENT_ID = 11126;

SELECT COUNT(*) AS TOTAL_STUDENTS
FROM STUDENT;
